Title	Price	Link
Used gaming pc with nvidia geforce rtx 3050  and intel core i7	$400.57	https://www.ebay.com/itm/236025982082?_skw=%24gtx+3050&hash=item36f43eac82:g:1jYAAeSwu3Bn51Lt&itmprp=enc%3AAQAKAAAA8FkggFvd1GGDu0w3yXCmi1cVWtD%2FBXZPdW%2BWCXrurzQkb6g%2FE%2F6UQqSOEPnyH8l%2FRqO5HtITxmxRFzikmZHOk6iKPwr2n7VpFdBq6S%2Bf19jazfcDOIjsp1oiUYxh1jJEHjziYxFosyOdVQB%2ByA5D0V9zXT8AImayR%2F8zobeys5ArWhbDWF8%2BShnqp9vPSuHxsCtEBQL0h6xC9cCufThNx%2BAPIfSChXQq7hQtoUnyhWyCjtSAqfrn4S4TBH632pW1Dk5rn%2BrzqNOC%2Fu4S6yvaK04J%2FHHxVcZ44xtnTERDCT66rH5AAvO%2FfLsyLz2AHwYwyw%3D%3D%7Ctkp%3ABk9SR8S27MjYZQ
M54821-601 For HP VICTUS16-D Motherboard DAG3MMB3AA0 With I5-11260H + GTX1650 4G	$239.97 to $316.59	https://www.ebay.com/itm/286402280894?_skw=%24gtx+3050&hash=item42aee7fdbe:g:JHgAAOSwSaRn0Nd8&itmprp=enc%3AAQAKAAAA4FkggFvd1GGDu0w3yXCmi1dacL%2FJly7GHyVe6gudvjB7Dd2Yo%2FBWM291V%2BYrGn548a7bpU5GpZ09BkkbDhw%2FACZayMdnKBRdBOFCLfzEqP8qFdFmSBx%2BORgdqxe59SqUGHV9XYtyTB5M%2FiUcwqyokt3LDo7Cc9gb4WUWW%2BIgYluMJCgG0tPcMq9eYVE8tlf9RQPkGpV0sNOKbQbPxJCrEegnIybEQXDSboOFetFl2XZFHp4Vt034bLVLjN2P7SFdlOcaLIRR7f61K5zx7MBBl9S4tXUJgnmFDFLTZ5wttVyK%7Ctkp%3ABk9SR8S27MjYZQ
For Lenovo ideapad Gaming 3-15ACH6 Motherboard R7-5800H R5-5600H RTX3050 GTX1650	$415.89 to $559.18	https://www.ebay.com/itm/388086582352?_skw=%24gtx+3050&hash=item5a5bc34c50:g:HR0AAOSwAaJn1TlR&itmprp=enc%3AAQAKAAAAwFkggFvd1GGDu0w3yXCmi1e6%2F45O4x3G9r4As81Wow0%2FFkHkknJGVPLtJILtos6Apsyuc2XoaquX7iiHRUZ4CSPip3%2BOGCoUcWONOUFzS3FS%2F2R%2FoQQA%2BsxDBMJCT%2F8e3YAcUohLM0doJqVqyVWK6X6Zvwbz3NK0vdDrmUaJ98eBDLOTYLC2lIiwRprbe7QzfkQkSpMiJx5jm5OosNcY5DE2zDmaRRmSdgbW4O1CdJtgDtCrPa%2BwDrHdKlW0e%2BX8hw%3D%3D%7Ctkp%3ABk9SR8a27MjYZQ
MS-17K2 FOR MSI GE76 GP76 GTX3050 CPU Graphics Heatsink Cooler Cooling Fan	$128.00	https://www.ebay.com/itm/314524483315?_skw=%24gtx+3050&hash=item493b1ebef3:g:1RAAAOSwNyNkOaMd&itmprp=enc%3AAQAKAAAA0FkggFvd1GGDu0w3yXCmi1fEQBavEK1lwJAgHdGEpbezVhsHRIEiy%2FoEq0WmFYTFdyLpQ3Jtz5XZKKfUTzcXq6SfJmhDR9ZTyT%2Fob8VhShh%2BQEWlfBPVE8c5rnLhWjrN9BrKQQdDcv7A%2B8tuIu%2F5NpZNA%2B0%2B%2BVbwkQm0z2dkHkxMq6I4v5JDoMRBmzcOYRJUUQmZGzfyLaDYALMquvvvYTKCeqX6s4%2FbvwUZvIkCIiJNYet77gia3qK2L%2FTVsGkVItnHW%2B21Bfj0XI6BKG4dAf0%3D%7Ctkp%3ABk9SR8a27MjYZQ
LA-L161P For Lenovo IdeaPad Gaming 3-15IHU6 Motherboard I5 I7 11th Gen RTX3050	$298.76 to $541.11	https://www.ebay.com/itm/365265841179?_skw=%24gtx+3050&hash=item550b8a6c1b:g:TbIAAOSwvY1nTsrI&itmprp=enc%3AAQAKAAAA4FkggFvd1GGDu0w3yXCmi1eFA0JtMnIJVY%2B7pOCr81rwffsWl9LQpJU9uME7diRi6ECdpgy8m8wSR42TweiArkoAWXn0fcOUuLUIbDs236nYDqPNnBOpQeQkWZyQ0mabjUMShwnxhk%2FO8t%2BD5JwKP9Dsdt%2FMgocgh3jfZdGRqSUqtiUdV6%2F7FjVwVzcuTi6PTaC2MfoKEa9JHdHyihbOzSLi4i7ICLhm9MPoSx%2FSVyevqMMm69ehscQns9kf6qKkbkteBpjl4%2BYV2F4AqS34bcKm%2BElcgL%2BKlhPbpec2%2BuLz%7Ctkp%3ABk9SR8a27MjYZQ
LA-K861P for Acer Nitro 5 AN515-55 Laptop Motherboar i5 /i7 CPU test OK	$392.33 to $578.33	https://www.ebay.com/itm/356435235930?_skw=%24gtx+3050&hash=item52fd32145a:g:HykAAOSwWk5neVF8&itmprp=enc%3AAQAKAAAA4FkggFvd1GGDu0w3yXCmi1drTvUH0WXJAjVZOBc4y%2F9a%2BC%2FBIJVJX%2BFiad4lBKeJebqGTe0ig%2F6T%2BVc%2FZAYUBqwKn%2F0%2BNc%2BB8EQsQlqZT8STLcJR4u%2FC01X1TjNBPnVFLOAD1sPsvy9CXD2G%2BWWBoP9odw5%2FeLyM%2FHQvOUIDHiHL1D0X%2BhzrRCrcbOHAxWXp6JnJHKWxP6e%2FH5vm0KwM0N4zFwaKFvpH%2F%2B4ii%2F9sU8DVRB79n%2BmGuiNLYbMwxDSJuh70XBdy1AjnQ8%2BQxa%2FrBr5JXoRJGfzlHXkV%2FOtK4eva%7Ctkp%3ABk9SR8a27MjYZQ
X7400PC 8G/16G For ASUS Vivobook Pro X7400PC Motherboardï¼Œi5 i7 RTX3050 GTX1650Ti	$240.00 to $530.00	https://www.ebay.com/itm/286422716421?_skw=%24gtx+3050&hash=item42b01fd005:g:U1cAAOSwptJn22U~&itmprp=enc%3AAQAKAAAA4FkggFvd1GGDu0w3yXCmi1ce%2B6SWlBApb%2FrZR%2FPNGn1z5zIkvUR%2FMGveuMsPzTPtLk97gQXUGArK3S%2FZkc9q033YLvjGCadhs85G6tcLSJDbFrPDvbGIP2LJy46IbjXXk3OGRAd9FZupiAHa8ZpThrirDTqTog%2Fbb62ywLrdIKFACTD9Cac8bFaF7%2FYOniKss4aWUxT3vv7KzOjHfuzJN9gdfzBAkuwCVhgewPAwvByIaQ06nWS2zp27U4MrHHm0gDYSdXrLy4AZkCgfzCLVsMgQH7wvnUavfquGzSOYzTaz%7Ctkp%3ABk9SR8a27MjYZQ
For Lenovo ideapad Gaming 3-15ACH6 Motherboard R5-5600H R7-5800H GTX1650 RTX3050	$415.06 to $550.40	https://www.ebay.com/itm/365179243214?_skw=%24gtx+3050&hash=item5506610ace:g:S2IAAOSwpaRnDjdk&itmprp=enc%3AAQAKAAAAwFkggFvd1GGDu0w3yXCmi1fqkMLesqoorUPheWnoo4I%2BqreLi5PQnFLx%2Fg%2FEHH3gtwrshT3LGFSkQJQ088Ud%2B5H2b29DcwS2yOkx9GXTNBkc%2BmyxhUPtNPw%2Fj%2B05cavQ23Eov4%2BIa6Al%2F5AJsMDKoatS9felUu%2FBX0alk%2FigR%2BaunDlsJNJOeImnm%2Fz%2Bo9OXeN2Az2TopqCDYjbFjfH9PSHm2i7PQ6A%2FOObW8CdyK8KQWVVHhc4VYvQ2wOYihPoX6w%3D%3D%7Ctkp%3ABk9SR8a27MjYZQ
Asus Pro15 K6500ZC K6500ZE K6500ZH 16GB I5 I7 12th RTX 3050 3050TI Motherboard	$235.00 to $355.00	https://www.ebay.com/itm/167338714589?_skw=%24gtx+3050&hash=item26f62a25dd:g:Em4AAOSwfphm6PSB&itmprp=enc%3AAQAKAAAA4FkggFvd1GGDu0w3yXCmi1fwH3fap1vREQfXwlO%2FgY4hAGNU5zzH9dXMGbH3rxC4alWGC%2BJsnLPeToHdxB2NPbJmhv5VHtKCgDjOhZopu95rsGlYch05tup9H0%2B4bmmdGqoct8L%2BctI9nhwxgW9wu1wW11Aqgncmy9aLUP5OfoposqG2xev0ZVouwMzKxOyp9M0q04qpQJZcMjZViZA4WTh4nSCRa%2Bz6fos01BTmNWVCOx3fjXU90emXp3WCl05d3TW3hvOccparFWAyRZI1Dqx%2FUbrtGIrZWd6nR3BukX1f%7Ctkp%3ABk9SR8a27MjYZQ
GL753V For ASUS ROG GL753VD GL753VE FX753V Motherboard i5 i7 7th Gen GTX1050	$179.99 to $199.99	https://www.ebay.com/itm/387686925079?_skw=%24gtx+3050&hash=item5a43f10317:g:QGcAAOSwyz5nTqqa&itmprp=enc%3AAQAKAAAAwFkggFvd1GGDu0w3yXCmi1cxahQnNNsZxgjUmk%2FDo6pBz0mUFD50rNfomL86ELBNDvZf0EKlh1GKM8q6HnulGrWT3MQwfYirS3RKvzxXTN%2F3BCdLG4cAlZ7d1VGNpzxHNlJ%2BYa5Vnc5vO7l6z2SZYoXX%2BylDNezZgFxi46JqHH7yLChA%2BOR%2FTDNkghrgODSIOEmVJ6Wi78Tsf2cc2mcR7N6RBKuVaFNygrVkwMBEOpt1ajr8suDrIWM0bAAzoLr7eA%3D%3D%7Ctkp%3ABk9SR8a27MjYZQ
LA-L201P LA-L202P For ACER Swift SFX14-41G Motherboard R7 5700U 16G RAM GTX1650	$452.30 to $646.70	https://www.ebay.com/itm/364881583926?_skw=%24gtx+3050&hash=item54f4a31f36:g:8tcAAOSwhPNmOt9R&itmprp=enc%3AAQAKAAAAwFkggFvd1GGDu0w3yXCmi1fFJVG8JAC3B3Qz1h%2BSA7KqF7PAKgBA5c%2Fa%2FbCVNQsrLIOep3Zj6AhQGC%2BFkSNMqvkL%2FFION0eX2C%2BhjBEWkCGtt%2FTXLMXPbWG39CK8X6a8suPBEVOSCeSGkNzTHSGyArIU84dBebI7mMsze00tBcTtnjOSk%2FmPtqSUgcRdJpNgrsfh4uOxE0QsmjJr62o7N3%2BevR%2BGjFY8Ce8bHMQE%2Bam1TP31hkNPSYGHbdKPd4XfXA%3D%3D%7Ctkp%3ABk9SR8a27MjYZQ
NM-D601 For Lenovo Legion 5-17ACH6 Motherboard W/CPU:R5-5600H RAM:4G GPU:RTX3050	$385.17 to $486.29	https://www.ebay.com/itm/365238929334?_skw=%24gtx+3050&hash=item5509efc7b6:g:XQQAAOSwBZBnPAJW&itmprp=enc%3AAQAKAAAAwFkggFvd1GGDu0w3yXCmi1fE2reM6uHJiYVSmN1KaZslydFYMH3HFO%2Fvjy%2FC6%2FZ4tyulvkIx9wujdgpj1lzm6xfVpwkmKiBpfe2V1sSNCVyVV7HUlwF%2BU9xyUd%2FGnPcVrTVLDny9Ko6rSRl81RIxgvXPVKlcO5QzM2SQQalTS334%2BynJo0TagvmU5r%2BmLynNwTSZZMXZrbHVOoNWTrzXkN%2B3X07vNH5F%2F6OYXeUyFlTNWoi%2BHLTrsGN8%2FDiV1Mvr%2Fw%3D%3D%7Ctkp%3ABk9SR8a27MjYZQ
DAG3MMB3AA0 For HP VICTUS 16-D Motherboard M54821-601 I5-11260H GTX1650 RTX3050	$315.32 to $425.73	https://www.ebay.com/itm/388186373622?_skw=%24gtx+3050&hash=item5a61b5fdf6:g:LzMAAOSwczpn7Rim&itmprp=enc%3AAQAKAAAA4FkggFvd1GGDu0w3yXCmi1f2W7vE5Uh9AbvFTThNBP5CfPIQzjk7OBoHgCEXW%2F96BilymJ4FCfn%2BqoUyTJgtko1v9mER5n8%2FZpbZnUxRm9WuRJ7sc0Q8HZ01X4%2FTcm0CAW%2B11Idop9Y27Ic7%2BRLRxF6rtvZeSnuo9s2JYN4tdglDNoyiO%2B%2FXJUC7fplRJzeFuKwqwhlHY05Lr77WUMBA8zvWRiTFgRJ5YmmaH%2F6z1qGUi6M8QIW6Fq2wTYeOcnQoowJE%2B%2BHh5sOn4KpAx5q15xkeVxSZdGoAVQLhCLAW96aF%7Ctkp%3ABk9SR8a27MjYZQ
For Lenovo ideapad 5 Pro-16ACH6 Motherboard CPU R5-5600H UMA&GTX3050 4G RAM 16G	$558.00 to $668.00	https://www.ebay.com/itm/225802260292?_skw=%24gtx+3050&hash=item3492dd0f44:g:VJwAAOSwu~NlHTv6&itmprp=enc%3AAQAKAAAA4FkggFvd1GGDu0w3yXCmi1eyfOchpLAYyP9cYtZ%2BYG%2FozilTLT9sKXV0iZIWXtAtKKugDWmV065yzlDoJ09v0vhGAnf7Xi5JhJ4eWH9hyHawdplWKfyu3l1B0xP0z5C%2FGqx8vy9NhUkEoiD86d6Iep4j00ITNqC1cjtYna2CjxZ3tFXLsi1pJAOS6wnXJ0cCOlmeOPvNTQ1g0gub7sqLjMdHPmczYPGujGOSV10cUxDq646lg8xAA6Y75FgCfIREWqFr2wUB0gU6irXvfdK8ZuYbCNsv%2FEEX7VPSRRQWPCHE%7Ctkp%3ABFBMxrbsyNhl
NM-D601 For Lenovo Legion 5-15ACH6 R7000P Motherboard R7-5800H RTX3050 4GB	$289.70 to $415.88	https://www.ebay.com/itm/235624911651?_skw=%24gtx+3050&hash=item36dc56d323:g:iNwAAOSwUsRme2MR&itmprp=enc%3AAQAKAAAA4FkggFvd1GGDu0w3yXCmi1cbToncbFWyBPyDUYiC7RwxB58toK9kEqJdDefe8piQ9mHMdnVH1yitPzdaZ3NW3%2FdX%2BFPEDiPT%2F6yoFakP7nTig1vJiPqfnI9KqexZWhkaRa478K%2FxZNMXtD7m5wsZq8KU7YEPIECLpB7Q2Imbvv%2Bv4VBwGzjR4fu%2BWUy%2Fw%2BHU4EbQEVuDjdCf4QmXXR3L7e5ahkizYADJ6qpk8HcRrq4pL%2FArx8CeIevTibTsvCtzua14YFq0K%2BVNUJE8J%2BaZqodZVze69q329%2F4VIeo%2B8jaC%7Ctkp%3ABFBMxrbsyNhl
NEW CPU GPU Cooling Fan For HP 16-D TPN-Q263 TPN-Q264 60W GTX1650 GTX3050	$20.15 to $32.20	https://www.ebay.com/itm/355933460038?_skw=%24gtx+3050&hash=item52df499646:g:vIkAAOSwmrxiYQ5K&itmprp=enc%3AAQAKAAAA4FkggFvd1GGDu0w3yXCmi1dHv84sD3jUIsVV1WhhHqV0Mnr%2BLBOeHzOC1OUpVWhMcpaQml60%2BhTG8fbAxxFHJwDRVTiJrzeaNXdJwLDmdM551VXGMRRkf%2FBHsF%2FZJYl6uoN%2Bz4ToC%2BziaicU7%2BTmJKFK3PKR7NeA2yvA%2FJfBuqc3FYE4gDY8%2Bkk4t7uSBnFIKjji7vFO0%2BcYGf3Af9SZx%2Bh0gyPlELZ8fHDWzjldqbkitdPc5%2FZsSa3lfqntZgVilNe0uNdVxpuO1KYDlm3kNmPe%2FlGozhMZQUav5wcTLKp2%7Ctkp%3ABFBMyLbsyNhl
For HP Victus 16-E 16-D Laptop Motherboard With R5 R7 CPU GPU:GTX1650 RTX3050Ti	$405.54 to $669.81	https://www.ebay.com/itm/355835743780?_skw=%24gtx+3050&hash=item52d9768e24:g:D5wAAOSwY5Bmg5pz&itmprp=enc%3AAQAKAAAA4FkggFvd1GGDu0w3yXCmi1faELOWZvkroihPG41D73%2B3%2FPOiuriYkUv5oaKNZSf3Bp7EEpEcT1GhDa1vpNz%2FnCM2uFFlG99B7QyYdey3zgJKzDvVenPeWKwNXZlimZ8WWGqNf%2FxdO7hzyUIMAerH68GoiuUleLJknpng8hKMG%2BBjgg1IX6WV7Ib%2Fl7LsT1stDBVdasQjQwJH%2FDnn3%2BfEZ6MelXQFMzhkdnLnhSHuU%2Bge%2BauKxb7%2F7CpkzC4XbbMgMlCa4wQPRWXsqsIo8HxCUp6NXRC6gvQjcOKnvip5THHo%7Ctkp%3ABk9SR8i27MjYZQ
Asus Pro15 K6500ZC K6500ZE K6500ZH 16GB I5 I7 12th RTX 3050 3050TI Motherboard	$211.50 to $319.50	https://www.ebay.com/itm/156734104125?_skw=%24gtx+3050&hash=item247e14a23d:g:Em4AAOSwfphm6PSB&itmprp=enc%3AAQAKAAAA4FkggFvd1GGDu0w3yXCmi1chstE8NEqETu1vgfFl0bj93EDYe7TipYqzOB%2BbbXrWXzWl%2BO%2BAk4%2BE7tJZGMcKxPKo%2BVCrDtSeEILhKV0RLzHXGFKcV6Ebd6AOtldQHl7nDBUZcGjkq3ALQvGNh7AYZ%2FRLBJbeAiopEoRWsRQtCveYvXvMCxY3hgjcBoqwZndF9uoU%2Fq5hNXnrA204FDSY9XokB8gZUsk17Yz1BtTbFvrKNlxpc7HDCCqyPSEE2yBQNpA0rVbaUaXbGwwFK1ekCdfkOxOfYUb1MGZEnH29VUmF%7Ctkp%3ABk9SR8i27MjYZQ
For DELL G15 5510 Laptop Motherboard I5/I7-10th Gen GTX1650/RTX3050/RTX3050TI	$299.53 to $415.03	https://www.ebay.com/itm/266980035866?_skw=%24gtx+3050&hash=item3e29400d1a:g:C9kAAOSwGjVm2qpu&itmprp=enc%3AAQAKAAAA4FkggFvd1GGDu0w3yXCmi1cjaAxheah%2FOMNAkb2nfzgGhS7TZUVWXpGdDz1mMeDV2N9W6tSH0Sa5WCs9BuknigyFTAyDX2sM3u1tAFusgT%2F5Hy0IZTmEol4LLKcwzwqXkVHcoKceAT%2BVTU6TaZu0AdWaRj2PKVgIhF%2BF4M%2Fk3olV2eivoDzRiVImfK06euZKdsXn2vlt1ElIt6%2Ft3CbYr5Iz2Igvzg5gNpmYLZASRgNHFieYfRDSDeu9XGZPzBxh6SZ%2Bd3TPcdjWP5nZ2CuE2H652rxwUQmYptbnI2kmlJMO%7Ctkp%3ABk9SR8i27MjYZQ
For HP Laptop Motherboard Victus 16-E 16-D With R5 R7 CPU GPU:GTX1650 RTX3050Ti	$403.51 to $667.77	https://www.ebay.com/itm/405075242757?_skw=%24gtx+3050&hash=item5e505daf05:g:D5wAAOSwY5Bmg5pz&itmprp=enc%3AAQAKAAAAwFkggFvd1GGDu0w3yXCmi1ecXlogtgve5DCJQ09WuiBPNdpGr5Un0z1Lfks%2BWKsciXyZqtQ%2Ft1Qfn1WrWK7HSk3enHn6NnWFPy1bTEL%2BQxLxcTLxXNTh4ay5pGfjAakw1KGcQfb5ecxlAvjfy3o%2FmiE9eMsmpfOrhsNJHGCGSsqYafpaAin%2BuHVQsXUcbSzcAR0spdDelyjifUu44%2FVS27c8IrH6fcaETujYpaemc2OkTvtFSe4iHkhbYisb%2BGoWGA%3D%3D%7Ctkp%3ABk9SR8i27MjYZQ
LA-L202P For ACER Swift SFX14-41G Laptop Motherboard R7 5700U 16G RAM GTX1650	$304.10 to $439.10	https://www.ebay.com/itm/387516854590?_skw=%24gtx+3050&hash=item5a39cdf13e:g:9eUAAOSw3~VnFgLK&itmprp=enc%3AAQAKAAAAwFkggFvd1GGDu0w3yXCmi1fN09yKjzcJZO1fio%2F%2B3nHHy1odErmkFiUaJAnnihFgSW8pAKEvNjoF6l8FpKLmsww9vAtzHck%2BejUkJUGuXh8eegOC0uZ2xdlxLYPRjw%2FqgNBM8o0ua0hljugaP%2FPOOMrgENFk8XoDpGl7Ys55AUT3yOVSWj74gaXIHNM7EYl6GwXlCvLmoQpLCYzgVdegBXLrKr0iqkr%2Brwh1RU7AKKrxf%2F8DofvrcgEcORWbofM4pA%3D%3D%7Ctkp%3ABk9SR8i27MjYZQ
For Lenovo Legion 5 15ACH6 Motherboard NM-D601 W/ R5 R7 CPU GTX1650 RTX3050 GPU	$379.99 to $512.99	https://www.ebay.com/itm/396363950532?_skw=%24gtx+3050&hash=item5c4921e9c4:g:lEoAAOSwgohn47Z9&itmprp=enc%3AAQAKAAAAwFkggFvd1GGDu0w3yXCmi1eHsC1qFbJNlLOGI6Z%2Fg3pcBADBYsbU%2FM%2BEih62fLD%2FLClkSbyvVPby0a5w0muw9ebWsIjPEzJRW8DcOClUqOfUqLfTLNeU2NAv8llDhC6KNHusW47K3RlFCZ8U%2Fx%2FQOReICPn%2FX3Mj0mVdBnddu%2FTsiotLShYxoBBpvtbepu%2BU8Rv9PPfj07b2zVn%2BHQ8HeO%2ByvYRVfKRh81RBFDq4NTo8wkGtlp8mDMVRFArn70Wpqw%3D%3D%7Ctkp%3ABk9SR8i27MjYZQ
For MSI GF66 I7-11800H GTX3050TI 4GB Motherboard MS-15821	$686.12	https://www.ebay.com/itm/226370424372?_skw=%24gtx+3050&hash=item34b4ba8e34:g:mc4AAOSwHYJm9EXf&itmprp=enc%3AAQAKAAAA4FkggFvd1GGDu0w3yXCmi1e2pdmzxhp6LlKVoDXGE9QrjlizUdIVuCXut6TpJqKfoaSvvYmsRvJMQLB9agPs9WWWg2WUWGgQpaTx8lU05hil7DJWkpLULXkaCv4lXdqMjTQWSU1bhvU9YHH6WKjzRfs0K6414kJBhUaJWFWvvBZQa8a3Ek9e36hboNxMugmDhur4Hn7ly7gksVUV%2Bv6qbI4uVPbJTWnenHjQ5a5HUQkKH%2FShMH%2FQM2mkNd59Oalk%2BsbgCXr5UExweBB0rdFzjiebJhU9dn99RHSBGDJPmZQ8%7Ctkp%3ABk9SR8i27MjYZQ
NM-D601 For Lenovo Legion 5-15ACH6 Motherboard With AMD CPU R5-5600H GPU GTX1650	$288.42 to $443.87	https://www.ebay.com/itm/235483013011?_skw=%24gtx+3050&hash=item36d3e19f93:g:RXwAAOSwEH5l-jbf&itmprp=enc%3AAQAKAAAAwFkggFvd1GGDu0w3yXCmi1cwmLWOvDdUXL6QDjIYLWMf2F99RYg6VLAp5d8xX%2FUI702SJK1ia2r41xp8FmiYCYSO2ZHlnbFLoI34m%2FIvcekPJ98Y7JJyD7xB5RZQI0kQIaidXLfEXxb1UPehNU1Fc4gSbOad0s%2BqTqyCN5UwPAwUiA7X1KQH1IJuiN9q0g0dviNXYnQQx8LY5yRUNea4C69DR422PL69DoBVbSWSlxgg6%2BRdDpgTccvSQ%2F1wpUoErg%3D%3D%7Ctkp%3ABk9SR8i27MjYZQ
"T129215SU Gen Fan Gpu Fans Itx For Gtx 1650 Rtx 3050 3060 ""GRADE A"""	$57.00	https://www.ebay.com/itm/266717841519?_skw=%24gtx+3050&hash=item3e199f486f:g:EQcAAOSwVURnd6-4&itmprp=enc%3AAQAKAAAAwFkggFvd1GGDu0w3yXCmi1fZzf4Orw9b4FJ%2F%2BaxbzfAykTc0%2Fjwqx%2FLZ9Fnjoh9VX9FlFIy5ThtpZ70nQ3Iobs2j%2FKVRpUCtMnMzdA9vVrczd4dziEdp47DV0aSj3H15hUN8YIJbICFNvdUlP783o96ow6zdmhSZoqDESnxoOAqFzL2RhoZn%2BKEejOMxc%2FhFIfvKuwXlRRIxR82JBxoGOSziKF4uKc0FYc0F1P2neu2CcxlcwQGomxIfMLCkmn9OPw%3D%3D%7Ctkp%3ABk9SR8i27MjYZQ
"HP Victus 15-fb0121nr 15z Gaming Laptop PC 15.6"" R5 8GB 512GB SSD GTX 1650 W11"	$489.47	https://www.ebay.com/itm/396533001607?_skw=%24gtx+3050&hash=item5c53356d87:g:t4AAAOSwaQFjEoI4&itmprp=enc%3AAQAKAAAAwFkggFvd1GGDu0w3yXCmi1dUY7EkKcDbSCFI%2Fc0U6T7Ac4JDJ3HUuGIyFchemjn2fqhIVoHyV3PQUY6iEkNA37Z4MT7pnWgCBd8V3N8VxBSnMbiqa9DKEWWIElNpBaX3eOSlB1CFdUQLj3Y%2BXNGkbpY%2BwX0xNELiRcF8iH3czWDQ4%2BBKoYh0CkqyceyZesghOOFtcSe23nH1cXG78agMwYJ8DzrawZBwI1aIcfWNSL0rNhY2GI1GLeJ%2BlmxFfbFW5Q%3D%3D%7Ctkp%3ABk9SR8i27MjYZQ
5B21D69242 For Lenovo ThinkBook 15P G2 ITH Motherboard NM-E021 i5 i7 3050 4G	$329.98 to $411.81	https://www.ebay.com/itm/186973486832?_skw=%24gtx+3050&hash=item2b887cfef0:g:o~gAAOSwmAJnNZ2C&itmprp=enc%3AAQAKAAAA0FkggFvd1GGDu0w3yXCmi1fWRcgrVIsFEqS%2BiP%2BKiz4QeEwUIZSH5k5yDuiVgNHzKrr9IKAAXPCnEJQA2BhppYjwmnsoqxLE41aSj29MJ09VoUmJLrnrM3mOEeb7J%2F7f5GkDv6YcJDexxGkDYTgGmyKzVP%2Fv3jgzB3kUU65U5qYEa%2FyAq6OTbaPNmsCidbHO%2FACVRtp7JfbDAycEUIfIABA4Jb7VjgnhfXWlZ%2BGf7aWlC93F6az2p5DaEmmW2sG3LTrFWws7epAR5CNdjqs44lo%3D%7Ctkp%3ABk9SR8i27MjYZQ
For DELL Inspiron 16 7610 7510 I7-11800H CPU and GTX3050 GPU CN-0TW2DN Mainboard	$450.90	https://www.ebay.com/itm/235454574492?_skw=%24gtx+3050&hash=item36d22faf9c:g:4qkAAOSwQ4Nl4Xns&itmprp=enc%3AAQAKAAAA4FkggFvd1GGDu0w3yXCmi1cGtxRtx1%2BWddzitAszVwdW7cA0MQk0A0%2B7oeitJ9iyG8BIN25TXxxv4F3g3Qyf2QW%2FKWHuHuh6eb0JrDMUKXnJWja3NI5ZOkxN2lnwk6oPZF1w44OONpZrZZcDM%2BsaJLvYK2JKV27Jjn8MC6XYBg4KuuDCHu5eYJVj4QgMWAP4BE4iRbIE%2B8%2FZkKNLrXstg5v0dfcbAitfz17v%2FDPQBW0r3SaEzQbQmJoOkmWj2nrSTrv0wOSqwWbV%2FCcjQ0XbGp9XxoQgfcG3bqX13PPqXgHx%7Ctkp%3ABk9SR8i27MjYZQ
Lenovo 5 Pro-16ACH6 Motherboard CPU R5-5600H/R7-5800H GTX1650/3050 4G RAM16G	$425.28 to $687.58	https://www.ebay.com/itm/186374262732?_skw=%24gtx+3050&hash=item2b64c58fcc:g:xdYAAOSwMdpmDQak&itmprp=enc%3AAQAKAAAA4FkggFvd1GGDu0w3yXCmi1eZ9qbWJFNEdwV6le9rfJUlEmaJU0CnhBmYzNyCpJfx9YtGkpoWkK%2F4anOCDYJRNisNXNhVfU63O2Y0bU6PaPSu9ByFo4hdJxZTlrJqk8I2QeomcTSmBR2MbtGBsKGH3zP838nz1vz1gF1RlUP%2FxtFLj2DoIIwl0yxNSuneQA3inoYuvHMfdCiVGuTmFpo73hrbWqTmzwzXOXXBOsUtm8ftTAMLSbKU8kFS2fCsi37N%2Fz8MA%2FzH0o7VKs7S6%2Bnh00bJl6UbZVuwaK%2F0QuzUf1Js%7Ctkp%3ABFBMyrbsyNhl
Motherboard for Acer A715-42G LA-K831P W/ R5/R7 CPU GTX1650 RTX3050 RTX3050TI	$376.99 to $516.99	https://www.ebay.com/itm/176274212273?_skw=%24gtx+3050&hash=item290ac305b1:g:eMUAAOSwChVkftao&itmprp=enc%3AAQAKAAAA4FkggFvd1GGDu0w3yXCmi1cat5iuiUu%2FmJpSrxt6MU70LoemLU%2F7teri%2FUyiXDkeDHp1TQiJBMfqsvFkBlLUWR3v1gjKjt4vkQ25Zv%2BxjhRPPOOm5K4thpOiEdNTbNbhPzaAToNYtjqk0dlANhbdyxoNYq3A0I%2F7Qt05YRoKv5foFbjuEsWtnJlMsEYUVMAtnMoTg9Mw4U%2BdoXtUQ2tUXoL4SB122F5E7pLMFDDQk4fqezgpHakEahL2HmepdBj3y9e4AOnV60psfHFvH9qi%2BR1A0XgIzxcuqob6oNzC16lm%7Ctkp%3ABFBMyrbsyNhl
0KTY08 Dell Inspiron 16 Plus 7620 Motherboard 213225-1 i7-12700H RTX3050 Ti 8GB	$499.02	https://www.ebay.com/itm/356391599158?_skw=%24gtx+3050&hash=item52fa983c36:g:c30AAOSwzIxnZRZh&itmprp=enc%3AAQAKAAAA4FkggFvd1GGDu0w3yXCmi1cBa%2Fv%2BZoHLQmoh%2F6SdFPOG7S9hTBHu1U1dGdezqQkmYGUyB7LvXnSuiENnMcB%2FDVJeOMI9Jf8%2FYq2AIC1vAtvwI4CTtCi2FSxp%2FPu%2BQc14YXZBjkGRW8rONhqN9vZEnheXzgOY1t9LtUTZ%2BlSHdM78H%2FrH9KC0Ft0dErO8DIJ7ysrTA1bW%2BOw1VUr1U5m8OfKytZegzc6Eah9V%2BEk2LX6khfzTeFAqGd6qntnUxKbT4nCyvVTJNaG2oolNuw7oqlX2L1FMqN4DINfADJ86oJ%2BH%7Ctkp%3ABFBMyrbsyNhl
MS-16R51 For MSI GF63 THIN 10UD MS-16R5 Motherboard W/ i5-10500H i7-10750H CPU	$412.99 to $676.99	https://www.ebay.com/itm/176446913372?_skw=%24gtx+3050&hash=item29150e3b5c:g:msIAAOSwkZVmf37A&itmprp=enc%3AAQAKAAAA4FkggFvd1GGDu0w3yXCmi1cnSHY%2FwtM%2FuWMdVBjf0xGMj0qlO4Nyy%2FbgmX7V0tblbT%2BXvFkSg3sEBczUDQ6Bvcx3hVRw9R3HapJnl6YpE6dGmKBq94W3TPlgKgJxgkEYqnAuVbvru%2F6p%2F3qe%2FoOByX26HepadB4lFu4dlpOkdEY2ZFLP9O89rqMqivt4XC%2BOKhyhDon9jC7F9p%2F9zRReNa%2BdN6XG%2BwD9pGXaDbCfbEYllRxrsZuAz5Mod0C94tA7m37F7poTETc%2Fk%2Fj6C87EALEvMIvOAoZzS54VX%2FtY0Q9e%7Ctkp%3ABFBMyrbsyNhl
LA-K831P For Acer Aspire 7 A715-42G motherboard CPU:R5-5625U R7-5700 GPU:GTX1650	$321.08 to $532.60	https://www.ebay.com/itm/235893732631?_skw=%24gtx+3050&hash=item36ec5cb517:g:WwgAAOSwyENnc5-Y&itmprp=enc%3AAQAKAAAA4FkggFvd1GGDu0w3yXCmi1cBlTbsMc7nPw5R7e36mMGk4bvwa29wCodzC9LYCMBcerm59NK5jxEaJnDHn3NEKAB9ur4OfP0LNqtFpdQnSIp86q5ENK%2FXRSI7eF7lQQGVig36tWN11REVIw%2BTdvewgASR8n696Em7u3whQGzUXNEPRXsH5fAjYk0XHD3kcdXSDem5TptN7wS6ZIILMafdSaz61LlewFFNCbHFWJDgFViXRKeywAQ1s7AMzaWik2AMWjCmoHr96VSXLr4EK%2BhKW6d1rqKT9Is0nTnJ7NYElBLO%7Ctkp%3ABk9SR8q27MjYZQ
For Lenovo Legion 5-15ACH6 motherboard NM-D601 with CPU R5-5600H GPU GTX1650 4G	$356.00 to $510.00	https://www.ebay.com/itm/365484215430?_skw=%24gtx+3050&hash=item55188e8c86:g:7wMAAOSwMS5n46dE&itmprp=enc%3AAQAKAAAA4FkggFvd1GGDu0w3yXCmi1fSBqauMhYxzuftirU9yF9v9fidls0G%2BDHIY7PtDYU6w%2FBy8XlkJNWg7LT1hjU%2FFpWq0kxknOBtrs4Cz%2F8BEswqX703MjZPeKMXo1eJEz41sYFE5TyBFffnw6l9YJ8o7Ogwk6DwBFX4kpcMCuXArIAKL3R8Io13RQMtX4H%2BJb0TFs9Bgcbb8sy4G8586wB7NelGjAsqr%2FcmtMOamCYTDtN924BCH2PlZTX66eabcHkKpgrh%2FVlBC4PrzjTJoyJ%2B8j3uKAhoWfkaUMcQ7cODMERZ%7Ctkp%3ABk9SR8q27MjYZQ
LA-K662P For DELL G15 5510 W/ i5-10200H/i7-10870H CPU RTX3050/3050TI Motherboard	$531.06 to $726.81	https://www.ebay.com/itm/387404337146?_skw=%24gtx+3050&hash=item5a33190ffa:g:VjsAAOSwmXVm7Mvn&itmprp=enc%3AAQAKAAAA4FkggFvd1GGDu0w3yXCmi1cMupkNMeVYFz1j1Fh9JtQEK3g4AC0HehveVsCzEu1u7EcLZm1jU0bQil3iwHxkP7x9bsDi%2FPVelAOVUojTxvN%2Boma4bOfddKISPzF9ts7paRo7R6%2FxqecOlej7N%2FYhwfbQU%2F8xjE1NlQ4o3qnWacLI%2F6636V4ZP7X0nbbRiuIKTTZQZUo3q6bIjjGc33zQ567pn%2BMoDs1PpuOi5WeI2pobJopeKhBQsC4CMikqP2vcJ9txAyCXc6Rtkla%2BKcjUQir8E9%2BVvuYU8ScJIyPZNoHc%7Ctkp%3ABk9SR8q27MjYZQ
LA-K455P For Dell G15 5511 Motherboard 0JF5JC i5-11400H i7-11800H GTX3050Ti	$367.60 to $448.40	https://www.ebay.com/itm/387269169741?_skw=%24gtx+3050&hash=item5a2b0a924d:g:YXQAAOSwShBmsc6v&itmprp=enc%3AAQAKAAAA4FkggFvd1GGDu0w3yXCmi1eFyz%2Bo2Eu0thfM8t25HEuMYojjOEGJOWtXWyfY08Aw9GKuwByYhJXpSOqyyVbSmRhUGfHtosZcR%2F%2Bw1ugQTyeztouy5V1rkFOXFER6zsI9aNa%2BIa0Jrx6WNGe66eVNqmfNwhj7gYRMo5DdPw4QwMiAYm7O2QcAqGk93C8BptkeZR4CKIaoPEw6wXZD5uJEnfRuSsT%2BV9rrdqGLOgRtWHyP%2BXJLALlGEU8tjHZHTiXkAcG46KxCF0FlCSyG%2F2JOsamqiNvFH4Wly3OTQArNeCUX%7Ctkp%3ABk9SR8q27MjYZQ
For DELL G15 5510 I5/I7-10th Gen GTX1650/RTX3050/RTX3050TI Laptop Motherboard	$392.33 to $544.79	https://www.ebay.com/itm/356084267747?_skw=%24gtx+3050&hash=item52e846bae3:g:C9kAAOSwGjVm2qpu&itmprp=enc%3AAQAKAAAAwFkggFvd1GGDu0w3yXCmi1co1uHWtU6gPxtKIg%2BENVEgVMg6C2zH2TAgIG5bTDN7HY3zij%2FwbGxRaMnB2HwuVBxR%2FSpDJah0OjUQ2CNLj8OxzU4OBxwI1PBBR%2BmIp5E62TZivlVOK%2FmPle1F1Q0tq6HoQfzzN6ArGuHW24QuRyXaPGoG6zl3djMhwvnbTIrL0UKg7yb9%2BufYbKDQJanhEGqoTB%2FfMCaigQ1tUSMweeL0Lo2WFVMuGKlcF%2Fc83twH8A%3D%3D%7Ctkp%3ABk9SR8q27MjYZQ
For Lenovo ideapad 5 Pro-16ACH6 Motherboard R5 R7 CPU GTX1650 RTX3050 8G/16G/32G	$463.99 to $774.99	https://www.ebay.com/itm/135661727600?_skw=%24gtx+3050&hash=item1f9611af70:g:x2AAAOSwen5n6g5F&itmprp=enc%3AAQAKAAAA4FkggFvd1GGDu0w3yXCmi1fvZ%2BdMwrK7HdCErO0m09Rhs%2FWEUHiL5jDS9kpp7QPw67yCaCrnLMN3KphBha2j1OxlU7fplw%2BznuO29SBJBWIxJi2J2fcdxWIP3VmTaYvpDKQKSyEcDwipKMLq9y8Ae35mdcg68VxT%2BoWJcGkqEjgEB6bjuE2%2BNIXxUYjSh8bZnlITzYWM3F3tVPu4gd5V3mpBRjI00RCQmwUAhEbRJRdTw15U%2B3OqsMNUpMYywZ2FdHbNzuL8dRYBH5Njuw49poEyUoC7EJ2Q0WgAzD%2BfscL1%7Ctkp%3ABk9SR8q27MjYZQ
